{
"lengthUnit": "mil",
"components": {
	"fields": ["COMPONENT_NO", "COMPONENT_NAME", "LAYER", "X_COORDINATE", "Y_COORDINATE", "ANGLE"],
	"rows": [
		[1, "C1", "T", 1095, -150, 135],
		[2, "C2", "T", 1265, -290, 225],
		[3, "C3", "T", 820, -225, 45],
		[4, "C4", "T", 1270, -380, 135],
		[5, "C5", "T", 830, -510, 315],
		[6, "C6", "T", 1345, -225, 315],
		[7, "C7", "T", 735, -215, 180],
		[8, "C12", "T", 820, -420, 135],
		[9, "C13", "T", 880, -480, 135],
		[10, "C14", "T", 1110, -530, 135],
		[11, "C15", "T", 1315, -490, 45],
		[12, "C16", "T", 1295, -545, 180],
		[13, "C17", "T", 1385, -475, 45],
		[14, "D1", "T", 605, -200, 0],
		[15, "L1", "T", 580, -315, 270],
		[16, "L2", "T", 775, -130, 0],
		[17, "R1", "T", 880, -165, 45],
		[18, "R5", "T", 685, -425, 180],
		[19, "R6", "T", 1315, -145, 45],
		[20, "R7", "T", 1290, -120, 225],
		[21, "U1", "T", 995, -325, 45],
		[22, "U3", "T", 1210, -465, 45],
		[23, "U4", "T", 1220, -210, 45],
		[24, "U5", "T", 1340, -345, 45],
		[25, "U8", "T", 1480, -325, 0],
		[26, "U9", "T", 695, -315, 180],
		[27, "PAD1", "T", 345, -325, 0],
		[28, "PAD1", "B", 345, -325, 0],
		[29, "PAD2", "T", 575, -440, 0],
		[30, "PAD2", "B", 575, -440, 0]
	]
},
"pins": {
	"fields": ["PIN_NO", "PIN_NAME", "PIN_X", "PIN_Y", "LAYER", "PIN_TYPE", "NET_NAME", "NET_TYPE", "PAD_SHAPE", "PAD_SIZEX", "PAD_SIZEY", "HOLE_SIZE", "PAD_ANGLE"],
	"rows": [
		[1, "C1_1", 1108.92, -163.92, "T", "SMD", "GND", "GND", "R", 22.05, 21.26, 0, 135],
		[2, "C1_2", 1081.08, -136.08, "T", "SMD", "$1N2088", "", "R", 22.05, 21.26, 0, 135],
		[3, "C2_1", 1278.92, -276.08, "T", "SMD", "GND", "GND", "R", 22.05, 21.26, 0, 225],
		[4, "C2_2", 1251.08, -303.92, "T", "SMD", "+3V3", "", "R", 22.05, 21.26, 0, 225],
		[5, "C3_1", 806.08, -238.92, "T", "SMD", "GND", "GND", "R", 22.05, 21.26, 0, 45],
		[6, "C3_2", 833.92, -211.08, "T", "SMD", "+3V3", "", "R", 22.05, 21.26, 0, 45],
		[7, "C4_1", 1283.92, -393.92, "T", "SMD", "GND", "GND", "R", 22.05, 21.26, 0, 135],
		[8, "C4_2", 1256.08, -366.08, "T", "SMD", "+3V3", "", "R", 22.05, 21.26, 0, 135],
		[9, "C5_1", 816.08, -496.08, "T", "SMD", "GND", "GND", "R", 22.05, 21.26, 0, 315],
		[10, "C5_2", 843.92, -523.92, "T", "SMD", "+3V3", "", "R", 22.05, 21.26, 0, 315],
		[11, "C6_1", 1331.08, -211.08, "T", "SMD", "GND", "GND", "R", 22.05, 21.26, 0, 315],
		[12, "C6_2", 1358.92, -238.92, "T", "SMD", "+3V3", "", "R", 22.05, 21.26, 0, 315],
		[13, "C7_1", 754.69, -215, "T", "SMD", "GND", "GND", "R", 22.05, 21.26, 0, 180],
		[14, "C7_2", 715.31, -215, "T", "SMD", "+3V3", "", "R", 22.05, 21.26, 0, 180],
		[15, "C12_1", 834.06, -434.06, "T", "SMD", "+1V1", "", "R", 17.72, 20.87, 0, 135],
		[16, "C12_2", 805.94, -405.94, "T", "SMD", "$1N2309", "", "R", 17.72, 20.87, 0, 135],
		[17, "C13_1", 894.06, -494.06, "T", "SMD", "+3V3", "", "R", 17.72, 20.87, 0, 135],
		[18, "C13_2", 865.94, -465.94, "T", "SMD", "$1N2309", "", "R", 17.72, 20.87, 0, 135],
		[19, "C14_1", 1129.49, -549.49, "T", "SMD", "+3V3", "", "R", 31.5, 35.43, 0, 135],
		[20, "C14_2", 1090.51, -510.51, "T", "SMD", "GND", "GND", "R", 31.5, 35.43, 0, 135],
		[21, "C15_1", 1301.08, -503.92, "T", "SMD", "XOUT", "", "R", 22.05, 21.26, 0, 45],
		[22, "C15_2", 1328.92, -476.08, "T", "SMD", "GND", "GND", "R", 22.05, 21.26, 0, 45],
		[23, "C16_1", 1314.68, -545, "T", "SMD", "GND", "GND", "R", 22.05, 21.26, 0, 180],
		[24, "C16_2", 1275.32, -545, "T", "SMD", "XIN", "", "R", 22.05, 21.26, 0, 180],
		[25, "C17_1", 1365.51, -494.49, "T", "SMD", "GND", "GND", "R", 31.5, 35.43, 0, 45],
		[26, "C17_2", 1404.49, -455.51, "T", "SMD", "VBUS", "", "R", 31.5, 35.43, 0, 45],
		[27, "D1_1", 561.79, -200, "T", "SMD", "$1N3054", "", "R", 33.27, 17.91, 0, 180],
		[28, "D1_2", 648.21, -200, "T", "SMD", "VBUS", "", "R", 33.27, 17.91, 0, 180],
		[29, "L1_1", 560.91, -352.99, "T", "SMD", "L1_1", "", "P", 21.12, 31.5, 0, 270],
		[30, "L1_2", 599.68, -352.97, "T", "SMD", "GND", "GND", "P", 21.06, 31.54, 0, 270],
		[31, "L1_3", 599.7, -276.97, "T", "SMD", "$1N3383", "", "P", 21.08, 31.5, 0, 270],
		[32, "L1_4", 560.31, -276.97, "T", "SMD", "$1N3054", "", "P", 21.06, 31.5, 0, 270],
		[33, "L2_1", 747.44, -130, "T", "SMD", "+1V1", "", "R", 27.56, 66.93, 0, 0],
		[34, "L2_2", 802.56, -130, "T", "SMD", "$1N2310", "", "R", 27.56, 66.93, 0, 0],
		[35, "R1_1", 867.95, -177.05, "T", "SMD", "$1N2088", "", "R", 22.27, 21.26, 0, 45],
		[36, "R1_2", 892.05, -152.95, "T", "SMD", "+3V3", "", "R", 22.27, 21.26, 0, 45],
		[37, "R5_1", 702.04, -425, "T", "SMD", "$1N2528", "", "R", 22.27, 21.26, 0, 180],
		[38, "R5_2", 667.96, -425, "T", "SMD", "BOOT", "", "R", 22.27, 21.26, 0, 180],
		[39, "R6_1", 1302.95, -157.05, "T", "SMD", "D-", "", "R", 22.27, 21.26, 0, 45],
		[40, "R6_2", 1327.05, -132.95, "T", "SMD", "$1N2666", "", "R", 22.27, 21.26, 0, 45],
		[41, "R7_1", 1302.05, -107.95, "T", "SMD", "D+", "", "R", 22.27, 21.26, 0, 225],
		[42, "R7_2", 1277.95, -132.05, "T", "SMD", "$1N2692", "", "R", 22.27, 21.26, 0, 225],
		[43, "U1_1", 817.53, -346.58, "T", "SMD", "+3V3", "", "R", 34.45, 7.87, 0, 45],
		[44, "U1_2", 828.66, -357.71, "T", "SMD", "U1_2", "", "R", 34.45, 7.87, 0, 45],
		[45, "U1_3", 839.8, -368.85, "T", "SMD", "U1_3", "", "R", 34.45, 7.87, 0, 45],
		[46, "U1_4", 850.94, -379.99, "T", "SMD", "U1_4", "", "R", 34.45, 7.87, 0, 45],
		[47, "U1_5", 862.07, -391.12, "T", "SMD", "U1_5", "", "R", 34.45, 7.87, 0, 45],
		[48, "U1_6", 873.2, -402.25, "T", "SMD", "+1V1", "", "R", 34.45, 7.87, 0, 45],
		[49, "U1_7", 884.34, -413.39, "T", "SMD", "U1_7", "", "R", 34.45, 7.87, 0, 45],
		[50, "U1_8", 895.48, -424.53, "T", "SMD", "U1_8", "", "R", 34.45, 7.87, 0, 45],
		[51, "U1_9", 906.61, -435.66, "T", "SMD", "U1_9", "", "R", 34.45, 7.87, 0, 45],
		[52, "U1_10", 917.75, -446.8, "T", "SMD", "U1_10", "", "R", 34.45, 7.87, 0, 45],
		[53, "U1_11", 928.88, -457.93, "T", "SMD", "+3V3", "", "R", 34.45, 7.87, 0, 45],
		[54, "U1_12", 940.02, -469.07, "T", "SMD", "U1_12", "", "R", 34.45, 7.87, 0, 45],
		[55, "U1_13", 951.16, -480.21, "T", "SMD", "U1_13", "", "R", 34.45, 7.87, 0, 45],
		[56, "U1_14", 962.29, -491.34, "T", "SMD", "U1_14", "", "R", 34.45, 7.87, 0, 45],
		[57, "U1_15", 973.42, -502.47, "T", "SMD", "U1_15", "", "R", 34.45, 7.87, 0, 45],
		[58, "U1_16", 1016.58, -502.47, "T", "SMD", "U1_16", "", "R", 7.87, 34.45, 0, 45],
		[59, "U1_17", 1027.71, -491.34, "T", "SMD", "U1_17", "", "R", 7.87, 34.45, 0, 45],
		[60, "U1_18", 1038.84, -480.2, "T", "SMD", "U1_18", "", "R", 7.87, 34.45, 0, 45],
		[61, "U1_19", 1049.98, -469.06, "T", "SMD", "U1_19", "", "R", 7.87, 34.45, 0, 45],
		[62, "U1_20", 1061.12, -457.93, "T", "SMD", "+3V3", "", "R", 7.87, 34.45, 0, 45],
		[63, "U1_21", 1072.25, -446.79, "T", "SMD", "XIN", "", "R", 7.87, 34.45, 0, 45],
		[64, "U1_22", 1083.38, -435.66, "T", "SMD", "XOUT", "", "R", 7.87, 34.45, 0, 45],
		[65, "U1_23", 1094.52, -424.52, "T", "SMD", "+1V1", "", "R", 7.87, 34.45, 0, 45],
		[66, "U1_24", 1105.66, -413.38, "T", "SMD", "U1_24", "", "R", 7.87, 34.45, 0, 45],
		[67, "U1_25", 1116.8, -402.25, "T", "SMD", "U1_25", "", "R", 7.87, 34.45, 0, 45],
		[68, "U1_26", 1127.93, -391.11, "T", "SMD", "U1_26", "", "R", 7.87, 34.45, 0, 45],
		[69, "U1_27", 1139.06, -379.98, "T", "SMD", "U1_27", "", "R", 7.87, 34.45, 0, 45],
		[70, "U1_28", 1150.2, -368.84, "T", "SMD", "U1_28", "", "R", 7.87, 34.45, 0, 45],
		[71, "U1_29", 1161.34, -357.71, "T", "SMD", "AUTH_SWITCH", "", "R", 7.87, 34.45, 0, 45],
		[72, "U1_30", 1172.47, -346.57, "T", "SMD", "+3V3", "", "R", 7.87, 34.45, 0, 45],
		[73, "U1_31", 1172.47, -303.42, "T", "SMD", "$1N3383", "", "R", 34.45, 7.87, 0, 45],
		[74, "U1_32", 1161.34, -292.29, "T", "SMD", "U1_32", "", "R", 34.45, 7.87, 0, 45],
		[75, "U1_33", 1150.21, -281.16, "T", "SMD", "U1_33", "", "R", 34.45, 7.87, 0, 45],
		[76, "U1_34", 1139.07, -270.02, "T", "SMD", "U1_34", "", "R", 34.45, 7.87, 0, 45],
		[77, "U1_35", 1127.93, -258.88, "T", "SMD", "U1_35", "", "R", 34.45, 7.87, 0, 45],
		[78, "U1_36", 1116.8, -247.75, "T", "SMD", "U1_36", "", "R", 34.45, 7.87, 0, 45],
		[79, "U1_37", 1105.66, -236.61, "T", "SMD", "U1_37", "", "R", 34.45, 7.87, 0, 45],
		[80, "U1_38", 1094.54, -225.49, "T", "SMD", "+3V3", "", "R", 34.45, 7.87, 0, 45],
		[81, "U1_39", 1083.39, -214.34, "T", "SMD", "+1V1", "", "R", 34.45, 7.87, 0, 45],
		[82, "U1_40", 1072.25, -203.2, "T", "SMD", "U1_40", "", "R", 34.45, 7.87, 0, 45],
		[83, "U1_41", 1061.12, -192.07, "T", "SMD", "U1_41", "", "R", 34.45, 7.87, 0, 45],
		[84, "U1_42", 1049.98, -180.93, "T", "SMD", "U1_42", "", "R", 34.45, 7.87, 0, 45],
		[85, "U1_43", 1038.86, -169.81, "T", "SMD", "U1_43", "", "R", 34.45, 7.87, 0, 45],
		[86, "U1_44", 1027.71, -158.66, "T", "SMD", "+3V3", "", "R", 34.45, 7.87, 0, 45],
		[87, "U1_45", 1016.58, -147.53, "T", "SMD", "+3V3", "", "R", 34.45, 7.87, 0, 45],
		[88, "U1_46", 973.43, -147.53, "T", "SMD", "$1N2088", "", "R", 7.87, 34.45, 0, 45],
		[89, "U1_47", 962.29, -158.66, "T", "SMD", "GND", "GND", "R", 7.87, 34.45, 0, 45],
		[90, "U1_48", 951.16, -169.8, "T", "SMD", "$1N2310", "", "R", 7.87, 34.45, 0, 45],
		[91, "U1_49", 940.02, -180.94, "T", "SMD", "+3V3", "", "R", 7.87, 34.45, 0, 45],
		[92, "U1_50", 928.89, -192.07, "T", "SMD", "+1V1", "", "R", 7.87, 34.45, 0, 45],
		[93, "U1_51", 917.75, -203.2, "T", "SMD", "$1N2666", "", "R", 7.87, 34.45, 0, 45],
		[94, "U1_52", 906.62, -214.34, "T", "SMD", "$1N2692", "", "R", 7.87, 34.45, 0, 45],
		[95, "U1_53", 895.48, -225.48, "T", "SMD", "+3V3", "", "R", 7.87, 34.45, 0, 45],
		[96, "U1_54", 884.34, -236.62, "T", "SMD", "+3V3", "", "R", 7.87, 34.45, 0, 45],
		[97, "U1_55", 873.21, -247.75, "T", "SMD", "U1_55", "", "R", 7.87, 34.45, 0, 45],
		[98, "U1_56", 862.07, -258.88, "T", "SMD", "U1_56", "", "R", 7.87, 34.45, 0, 45],
		[99, "U1_57", 850.94, -270.02, "T", "SMD", "U1_57", "", "R", 7.87, 34.45, 0, 45],
		[100, "U1_58", 839.8, -281.16, "T", "SMD", "U1_58", "", "R", 7.87, 34.45, 0, 45],
		[101, "U1_59", 828.66, -292.29, "T", "SMD", "U1_59", "", "R", 7.87, 34.45, 0, 45],
		[102, "U1_60", 817.53, -303.42, "T", "SMD", "$1N2528", "", "R", 7.87, 34.45, 0, 45],
		[103, "U1_61", 995, -325, "T", "SMD", "GND", "GND", "R", 133.86, 133.86, 0, 45],
		[104, "U3_1", 1203.04, -519.29, "T", "SMD", "XIN", "", "R", 55.12, 47.24, 0, 45],
		[105, "U3_2", 1264.29, -458.04, "T", "SMD", "GND", "GND", "R", 55.12, 47.24, 0, 45],
		[106, "U3_3", 1216.96, -410.71, "T", "SMD", "XOUT", "", "R", 55.12, 47.24, 0, 45],
		[107, "U3_4", 1155.71, -471.96, "T", "SMD", "GND", "GND", "R", 55.12, 47.24, 0, 45],
		[108, "U4_1", 1225.54, -268.44, "T", "SMD", "USB_D-", "", "R", 20.95, 42.2, 0, 45],
		[109, "U4_2", 1251.99, -241.99, "T", "SMD", "GND", "GND", "R", 20.95, 42.2, 0, 45],
		[110, "U4_3", 1278.44, -215.54, "T", "SMD", "USB_D+", "", "R", 20.95, 42.2, 0, 45],
		[111, "U4_4", 1214.46, -151.56, "T", "SMD", "D+", "", "R", 20.95, 42.2, 0, 45],
		[112, "U4_5", 1188.01, -178.01, "T", "SMD", "VBUS", "", "R", 20.95, 42.2, 0, 45],
		[113, "U4_6", 1161.56, -204.46, "T", "SMD", "D-", "", "R", 20.95, 42.2, 0, 45],
		[114, "U5_1", 1349.75, -407.63, "T", "SMD", "VBUS", "", "R", 24.5, 43.5, 0, 45],
		[115, "U5_2", 1376.17, -381.2, "T", "SMD", "GND", "GND", "R", 24.5, 43.5, 0, 45],
		[116, "U5_3", 1402.63, -354.75, "T", "SMD", "VBUS", "", "R", 24.5, 43.5, 0, 45],
		[117, "U5_4", 1330.25, -282.37, "T", "SMD", "GND", "GND", "R", 24.5, 43.5, 0, 45],
		[118, "U5_5", 1277.37, -335.25, "T", "SMD", "+3V3", "", "R", 24.5, 43.5, 0, 45],
		[119, "U8_1", 1645, -175, "T", "SMD", "VBUS", "", "R", 314.96, 74.8, 0, 0],
		[120, "U8_2", 1635, -273.82, "T", "SMD", "USB_D-", "", "R", 295.28, 78.74, 0, 0],
		[121, "U8_3", 1635, -376.18, "T", "SMD", "USB_D+", "", "R", 295.28, 78.74, 0, 0],
		[122, "U8_4", 1645, -475, "T", "SMD", "GND", "GND", "R", 314.96, 74.8, 0, 0],
		[123, "U9_1", 647.5, -277.6, "T", "SMD", "+3V3", "", "R", 31.5, 39.37, 0, 270],
		[124, "U9_2", 742.5, -314.4, "T", "SMD", "GND", "GND", "R", 31.5, 39.37, 0, 270],
		[125, "U9_3", 647.5, -352.4, "T", "SMD", "AUTH_SWITCH", "", "R", 31.5, 39.37, 0, 270],
		[126, "PAD1_8", 345, -325, "T", "DIP", "GND", "GND", "O", 346.46, 102.36, 307.09, 90],
		[127, "PAD1_8", 345, -325, "B", "DIP", "GND", "GND", "O", 346.46, 102.36, 307.09, 90],
		[128, "PAD2_8", 575, -440, "T", "DIP", "BOOT", "", "R", 39.37, 39.37, 0.1, 0],
		[129, "PAD2_8", 575, -440, "B", "DIP", "BOOT", "", "R", 0.1, 0.1, 0.1, 0]
	]
}
}